{"flutter":{"platforms":{"android":{"default":{"projectId":"notification-u","appId":"1:350847518706:android:a787b079ea77ea1b5dcd6b","fileOutput":"android/app/google-services.json"}},"ios":{"default":{"projectId":"notification-u","appId":"1:350847518706:ios:88f9ceaaf8dab4f55dcd6b","uploadDebugSymbols":false,"fileOutput":"ios/Runner/GoogleService-Info.plist"}},"dart":{"lib/firebase_options.dart":{"projectId":"notification-u","configurations":{"android":"1:350847518706:android:a787b079ea77ea1b5dcd6b","ios":"1:350847518706:ios:88f9ceaaf8dab4f55dcd6b"}}}}}}