{
  "project_info": {
    "project_number": "350847518706",
    "project_id": "notification-u",
    "storage_bucket": "notification-u.firebasestorage.app"
  },
  "client": [
    {
      "client_info": {
        "mobilesdk_app_id": "1:350847518706:android:3092ef89e69977935dcd6b",
        "android_client_info": {
          "package_name": "com.example.justshopy"
        }
      },
      "oauth_client": [
        {
          "client_id": "350847518706-2u7lu2ml6altnn63ck1ud2p4a7tuuqbr.apps.googleusercontent.com",
          "client_type": 3
        }
      ],
      "api_key": [
        {
          "current_key": "AIzaSyBAX5kAEwExyDP2E0GkNGWXmixzMVGzLCg"
        }
      ],
      "services": {
        "appinvite_service": {
          "other_platform_oauth_client": [
            {
              "client_id": "350847518706-2u7lu2ml6altnn63ck1ud2p4a7tuuqbr.apps.googleusercontent.com",
              "client_type": 3
            },
            {
              "client_id": "350847518706-80jofro5dqp3dbbgl9v5j51odv17eo5a.apps.googleusercontent.com",
              "client_type": 2,
              "ios_info": {
                "bundle_id": "com.example.justshopy"
              }
            }
          ]
        }
      }
    },
    {
      "client_info": {
        "mobilesdk_app_id": "1:350847518706:android:623379d6e1f6691e5dcd6b",
        "android_client_info": {
          "package_name": "com.example.simplyseun"
        }
      },
      "oauth_client": [
        {
          "client_id": "350847518706-c6nka1o9g91tu1ok9pdca58evdgvv584.apps.googleusercontent.com",
          "client_type": 1,
          "android_info": {
            "package_name": "com.example.simplyseun",
            "certificate_hash": "9379e8da5edd8cdd1638fc6acbafef68fb49dd1b"
          }
        },
        {
          "client_id": "350847518706-2u7lu2ml6altnn63ck1ud2p4a7tuuqbr.apps.googleusercontent.com",
          "client_type": 3
        }
      ],
      "api_key": [
        {
          "current_key": "AIzaSyBAX5kAEwExyDP2E0GkNGWXmixzMVGzLCg"
        }
      ],
      "services": {
        "appinvite_service": {
          "other_platform_oauth_client": [
            {
              "client_id": "350847518706-2u7lu2ml6altnn63ck1ud2p4a7tuuqbr.apps.googleusercontent.com",
              "client_type": 3
            },
            {
              "client_id": "350847518706-80jofro5dqp3dbbgl9v5j51odv17eo5a.apps.googleusercontent.com",
              "client_type": 2,
              "ios_info": {
                "bundle_id": "com.example.justshopy"
              }
            }
          ]
        }
      }
    },
    {
      "client_info": {
        "mobilesdk_app_id": "1:350847518706:android:cd140061fd5ff6a65dcd6b",
        "android_client_info": {
          "package_name": "com.example.udode"
        }
      },
      "oauth_client": [
        {
          "client_id": "350847518706-8s38muctn48ok99jdl2liph6db5uhn8n.apps.googleusercontent.com",
          "client_type": 1,
          "android_info": {
            "package_name": "com.example.udode",
            "certificate_hash": "d9f9876e55cbb173a219b48f59e7e93f264dd67d"
          }
        },
        {
          "client_id": "350847518706-2u7lu2ml6altnn63ck1ud2p4a7tuuqbr.apps.googleusercontent.com",
          "client_type": 3
        }
      ],
      "api_key": [
        {
          "current_key": "AIzaSyBAX5kAEwExyDP2E0GkNGWXmixzMVGzLCg"
        }
      ],
      "services": {
        "appinvite_service": {
          "other_platform_oauth_client": [
            {
              "client_id": "350847518706-2u7lu2ml6altnn63ck1ud2p4a7tuuqbr.apps.googleusercontent.com",
              "client_type": 3
            },
            {
              "client_id": "350847518706-80jofro5dqp3dbbgl9v5j51odv17eo5a.apps.googleusercontent.com",
              "client_type": 2,
              "ios_info": {
                "bundle_id": "com.example.justshopy"
              }
            }
          ]
        }
      }
    },
    {
      "client_info": {
        "mobilesdk_app_id": "1:350847518706:android:8b9db37b45e3bb7e5dcd6b",
        "android_client_info": {
          "package_name": "com.example.udode2"
        }
      },
      "oauth_client": [
        {
          "client_id": "350847518706-utbp19qoefq1slj61iqbimvlg59ahffr.apps.googleusercontent.com",
          "client_type": 1,
          "android_info": {
            "package_name": "com.example.udode2",
            "certificate_hash": "a5eb3942492ab563f11469bc7f745fd87d7cd058"
          }
        },
        {
          "client_id": "350847518706-2u7lu2ml6altnn63ck1ud2p4a7tuuqbr.apps.googleusercontent.com",
          "client_type": 3
        }
      ],
      "api_key": [
        {
          "current_key": "AIzaSyBAX5kAEwExyDP2E0GkNGWXmixzMVGzLCg"
        }
      ],
      "services": {
        "appinvite_service": {
          "other_platform_oauth_client": [
            {
              "client_id": "350847518706-2u7lu2ml6altnn63ck1ud2p4a7tuuqbr.apps.googleusercontent.com",
              "client_type": 3
            },
            {
              "client_id": "350847518706-80jofro5dqp3dbbgl9v5j51odv17eo5a.apps.googleusercontent.com",
              "client_type": 2,
              "ios_info": {
                "bundle_id": "com.example.justshopy"
              }
            }
          ]
        }
      }
    },
    {
      "client_info": {
        "mobilesdk_app_id": "1:350847518706:android:a787b079ea77ea1b5dcd6b",
        "android_client_info": {
          "package_name": "com.manue.fightfitai"
        }
      },
      "oauth_client": [
        {
          "client_id": "350847518706-2u7lu2ml6altnn63ck1ud2p4a7tuuqbr.apps.googleusercontent.com",
          "client_type": 3
        }
      ],
      "api_key": [
        {
          "current_key": "AIzaSyBAX5kAEwExyDP2E0GkNGWXmixzMVGzLCg"
        }
      ],
      "services": {
        "appinvite_service": {
          "other_platform_oauth_client": [
            {
              "client_id": "350847518706-2u7lu2ml6altnn63ck1ud2p4a7tuuqbr.apps.googleusercontent.com",
              "client_type": 3
            },
            {
              "client_id": "350847518706-80jofro5dqp3dbbgl9v5j51odv17eo5a.apps.googleusercontent.com",
              "client_type": 2,
              "ios_info": {
                "bundle_id": "com.example.justshopy"
              }
            }
          ]
        }
      }
    },
    {
      "client_info": {
        "mobilesdk_app_id": "1:350847518706:android:921cfcc1ec9e31c65dcd6b",
        "android_client_info": {
          "package_name": "com.yourdomain.yahya200801"
        }
      },
      "oauth_client": [
        {
          "client_id": "350847518706-2u7lu2ml6altnn63ck1ud2p4a7tuuqbr.apps.googleusercontent.com",
          "client_type": 3
        }
      ],
      "api_key": [
        {
          "current_key": "AIzaSyBAX5kAEwExyDP2E0GkNGWXmixzMVGzLCg"
        }
      ],
      "services": {
        "appinvite_service": {
          "other_platform_oauth_client": [
            {
              "client_id": "350847518706-2u7lu2ml6altnn63ck1ud2p4a7tuuqbr.apps.googleusercontent.com",
              "client_type": 3
            },
            {
              "client_id": "350847518706-80jofro5dqp3dbbgl9v5j51odv17eo5a.apps.googleusercontent.com",
              "client_type": 2,
              "ios_info": {
                "bundle_id": "com.example.justshopy"
              }
            }
          ]
        }
      }
    }
  ],
  "configuration_version": "1"
}